{"common_words": ["the", "to", "of", "and", "Jews", "in", "a", "is", "for", "are"], "Tweet_count": {"0": 5691, "1": 1250, "total": 6941, "Unclassified": 0}, "Average_length": {"0": 29.33614479001933, "1": 23.6072, "total": 28.304422993804927}, "uppercase_words": {"0": 1173, "1": 192, "total": 1365}}